id,first_name,last_name,fullname,email,job
11,Tim,Ward,Tim Ward,tiw@cluedin.com,Software Dev
12,Martin,Hyldahl,Martin Hyldahl,msh@cluedin.com,Software Developer
13,Pierre,Derval,Pierre Derval,pid@cluedin.com,Accounting
14,Jeppe,Grue,Jeppe Grue,jpg@cluedin.com,Akkounting
15,Natalie,Hast,Natalie Hast,nhn@cluedin.com,accounting
16,Jonathan,Wong,Jonathan Wong,jwa@cluedin.com,account ing
17,Kieran,Marron,Kieran Marron,kmn@cluedin.com,Softwear Dev
18,Andrew,Hardy,Andrew Hardy,aha@cluedin.com,Acounting
19,Stephen,Pope,Stephen Pope,stp@cluedin.com,Ackounting
20,Josephine,Lund,Josephine Lund,jlo@cluedin.com,aCoUnTiNg
